[
    {
        "size":"4",
        "price":"$10",
        "style":"heels",
        "gender":"female",
        "blue":"https://images.unsplash.com/photo-1543163521-1bf539c55dd2?ixlib=rb-1.2.1&ixid=MnwxMjA3fDB8MHxzZWFyY2h8Mnx8aGVlbHN8ZW58MHx8MHx8&auto=format&fit=crop&w=500&q=60",
        "red":"https://cdn.pixabay.com/photo/2017/03/29/04/47/high-heels-2184095_960_720.jpg",
        "white":"https://cdn.pixabay.com/photo/2017/06/17/10/05/bridal-2411684__340.jpg",
        "pink":"https://media.istockphoto.com/photos/beautiful-patent-leather-shiny-female-purple-stilettos-on-a-black-picture-id1295315530?b=1&k=20&m=1295315530&s=170667a&w=0&h=v89bB7mQuCTF-GP-74JBuNXUQycLi1NcG0w4OjuJ9DY=",
        "images":["https://images.pexels.com/photos/298863/pexels-photo-298863.jpeg?auto=compress&cs=tinysrgb&dpr=1&w=500","https://images.pexels.com/photos/298863/pexels-photo-298863.jpeg?auto=compress&cs=tinysrgb&dpr=1&w=500","https://images.pexels.com/photos/298863/pexels-photo-298863.jpeg?auto=compress&cs=tinysrgb&dpr=1&w=500","https://images.pexels.com/photos/298863/pexels-photo-298863.jpeg?auto=compress&cs=tinysrgb&dpr=1&w=500","https://images.pexels.com/photos/298863/pexels-photo-298863.jpeg?auto=compress&cs=tinysrgb&dpr=1&w=500","https://images.pexels.com/photos/298863/pexels-photo-298863.jpeg?auto=compress&cs=tinysrgb&dpr=1&w=500","https://images.pexels.com/photos/298863/pexels-photo-298863.jpeg?auto=compress&cs=tinysrgb&dpr=1&w=500","https://images.pexels.com/photos/298863/pexels-photo-298863.jpeg?auto=compress&cs=tinysrgb&dpr=1&w=500","https://images.pexels.com/photos/298863/pexels-photo-298863.jpeg?auto=compress&cs=tinysrgb&dpr=1&w=500"],
        "colors":["blue","red","white","pink"]
    },
    {
        "size":"8",
        "price":"$10",
        "style":"running",
        "gender":"male",
        "black":"https://images.unsplash.com/photo-1491553895911-0055eca6402d?ixlib=rb-1.2.1&ixid=MnwxMjA3fDB8MHxzZWFyY2h8MTJ8fHJ1bm5pbmclMjBib290cyUyMGZvciUyMG1lbnxlbnwwfHwwfHw%3D&auto=format&fit=crop&w=500&q=60",
        "blue":"https://images.unsplash.com/photo-1515955656352-a1fa3ffcd111?ixlib=rb-1.2.1&ixid=MnwxMjA3fDB8MHxzZWFyY2h8NHx8cnVubmluZyUyMGJvb3RzJTIwZm9yJTIwbWVufGVufDB8fDB8fA%3D%3D&auto=format&fit=crop&w=500&q=60",
        "red":"https://images.unsplash.com/photo-1542291026-7eec264c27ff?ixlib=rb-1.2.1&ixid=MnwxMjA3fDB8MHxzZWFyY2h8MTN8fHJ1bm5pbmclMjBib290cyUyMGZvciUyMG1lbnxlbnwwfHwwfHw%3D&auto=format&fit=crop&w=500&q=60",
        "white":"https://images.unsplash.com/photo-1512374382149-233c42b6a83b?ixlib=rb-1.2.1&ixid=MnwxMjA3fDB8MHxzZWFyY2h8MTF8fHJ1bm5pbmclMjBib290cyUyMGZvciUyMG1lbnxlbnwwfHwwfHw%3D&auto=format&fit=crop&w=500&q=60",
        "images":["https://images.pexels.com/photos/298863/pexels-photo-298863.jpeg?auto=compress&cs=tinysrgb&dpr=1&w=500","https://images.pexels.com/photos/298863/pexels-photo-298863.jpeg?auto=compress&cs=tinysrgb&dpr=1&w=500","https://images.pexels.com/photos/298863/pexels-photo-298863.jpeg?auto=compress&cs=tinysrgb&dpr=1&w=500","https://images.pexels.com/photos/298863/pexels-photo-298863.jpeg?auto=compress&cs=tinysrgb&dpr=1&w=500","https://images.pexels.com/photos/298863/pexels-photo-298863.jpeg?auto=compress&cs=tinysrgb&dpr=1&w=500","https://images.pexels.com/photos/298863/pexels-photo-298863.jpeg?auto=compress&cs=tinysrgb&dpr=1&w=500","https://images.pexels.com/photos/298863/pexels-photo-298863.jpeg?auto=compress&cs=tinysrgb&dpr=1&w=500","https://images.pexels.com/photos/298863/pexels-photo-298863.jpeg?auto=compress&cs=tinysrgb&dpr=1&w=500","https://images.pexels.com/photos/298863/pexels-photo-298863.jpeg?auto=compress&cs=tinysrgb&dpr=1&w=500"],
        "colors":["black","red","white","blue"]
    },
    {
        "size":"10",
        "price":"$30",
        "style":"running",
        "gender":"female",
        "black":"https://images.unsplash.com/photo-1543508282-6319a3e2621f?ixlib=rb-1.2.1&ixid=MnwxMjA3fDB8MHxzZWFyY2h8NXx8cnVubmluZyUyMHNob2VzJTIwZm9yJTIwd29tZW58ZW58MHx8MHx8&auto=format&fit=crop&w=500&q=60",
        "blue":"https://images.unsplash.com/photo-1515955656352-a1fa3ffcd111?ixlib=rb-1.2.1&ixid=MnwxMjA3fDB8MHxzZWFyY2h8OXx8cnVubmluZyUyMHNob2VzJTIwZm9yJTIwd29tZW58ZW58MHx8MHx8&auto=format&fit=crop&w=500&q=60",
        "gold":"https://images.unsplash.com/photo-1549298916-b41d501d3772?ixlib=rb-1.2.1&ixid=MnwxMjA3fDB8MHxzZWFyY2h8Nnx8cnVubmluZyUyMHNob2VzJTIwZm9yJTIwd29tZW58ZW58MHx8MHx8&auto=format&fit=crop&w=500&q=60",
        "white":"https://images.unsplash.com/photo-1511556532299-8f662fc26c06?ixlib=rb-1.2.1&ixid=MnwxMjA3fDB8MHxzZWFyY2h8Mnx8cnVubmluZyUyMHNob2VzJTIwZm9yJTIwd29tZW58ZW58MHx8MHx8&auto=format&fit=crop&w=500&q=60",
        "images":["https://images.pexels.com/photos/298863/pexels-photo-298863.jpeg?auto=compress&cs=tinysrgb&dpr=1&w=500","https://images.pexels.com/photos/298863/pexels-photo-298863.jpeg?auto=compress&cs=tinysrgb&dpr=1&w=500","https://images.pexels.com/photos/298863/pexels-photo-298863.jpeg?auto=compress&cs=tinysrgb&dpr=1&w=500","https://images.pexels.com/photos/298863/pexels-photo-298863.jpeg?auto=compress&cs=tinysrgb&dpr=1&w=500","https://images.pexels.com/photos/298863/pexels-photo-298863.jpeg?auto=compress&cs=tinysrgb&dpr=1&w=500","https://images.pexels.com/photos/298863/pexels-photo-298863.jpeg?auto=compress&cs=tinysrgb&dpr=1&w=500","https://images.pexels.com/photos/298863/pexels-photo-298863.jpeg?auto=compress&cs=tinysrgb&dpr=1&w=500","https://images.pexels.com/photos/298863/pexels-photo-298863.jpeg?auto=compress&cs=tinysrgb&dpr=1&w=500","https://images.pexels.com/photos/298863/pexels-photo-298863.jpeg?auto=compress&cs=tinysrgb&dpr=1&w=500"],
        "colors":["blue","black","gold","white"]
    },{
        "size":"4",
        "price":"$20",
        "style":"flat",
        "gender":"female",
        "black":"https://media.istockphoto.com/photos/elegant-flat-shoes-picture-id484521173?b=1&k=20&m=484521173&s=170667a&w=0&h=cMIZ28xRY7dDetAeDa6yBvWER288SXvNC9YagR2y3_k=",
        "coral":"https://images.unsplash.com/photo-1559334417-01b38aec66bd?ixlib=rb-1.2.1&ixid=MnwxMjA3fDB8MHxzZWFyY2h8NHx8ZmxhdCUyMHNob2VzfGVufDB8fDB8fA%3D%3D&auto=format&fit=crop&w=500&q=60",
        "red":"https://images.pexels.com/photos/267177/pexels-photo-267177.jpeg?auto=compress&cs=tinysrgb&dpr=1&w=500",
        "white":"https://images.pexels.com/photos/5094107/pexels-photo-5094107.jpeg?auto=compress&cs=tinysrgb&dpr=1&w=500",
        "images":["https://images.pexels.com/photos/298863/pexels-photo-298863.jpeg?auto=compress&cs=tinysrgb&dpr=1&w=500","https://images.pexels.com/photos/298863/pexels-photo-298863.jpeg?auto=compress&cs=tinysrgb&dpr=1&w=500","https://images.pexels.com/photos/298863/pexels-photo-298863.jpeg?auto=compress&cs=tinysrgb&dpr=1&w=500","https://images.pexels.com/photos/298863/pexels-photo-298863.jpeg?auto=compress&cs=tinysrgb&dpr=1&w=500","https://images.pexels.com/photos/298863/pexels-photo-298863.jpeg?auto=compress&cs=tinysrgb&dpr=1&w=500","https://images.pexels.com/photos/298863/pexels-photo-298863.jpeg?auto=compress&cs=tinysrgb&dpr=1&w=500","https://images.pexels.com/photos/298863/pexels-photo-298863.jpeg?auto=compress&cs=tinysrgb&dpr=1&w=500","https://images.pexels.com/photos/298863/pexels-photo-298863.jpeg?auto=compress&cs=tinysrgb&dpr=1&w=500","https://images.pexels.com/photos/298863/pexels-photo-298863.jpeg?auto=compress&cs=tinysrgb&dpr=1&w=500"],
        "colors":["black","coral","red","white"]
    },{
        "size":"4",
        "price":"$10",
        "style":"flat",
        "gender":"male",
        "coral":"https://images.pexels.com/photos/1476209/pexels-photo-1476209.jpeg?auto=compress&cs=tinysrgb&dpr=1&w=500",
        "brown":"https://images.unsplash.com/photo-1603191659812-ee978eeeef76?ixlib=rb-1.2.1&ixid=MnwxMjA3fDB8MHxzZWFyY2h8N3x8ZmxhdCUyMHNob2VzfGVufDB8fDB8fA%3D%3D&auto=format&fit=crop&w=500&q=60",
        "red":"imagered",
        "white":"imagewhite",
        "images":["https://images.pexels.com/photos/298863/pexels-photo-298863.jpeg?auto=compress&cs=tinysrgb&dpr=1&w=500","https://images.pexels.com/photos/298863/pexels-photo-298863.jpeg?auto=compress&cs=tinysrgb&dpr=1&w=500","https://images.pexels.com/photos/298863/pexels-photo-298863.jpeg?auto=compress&cs=tinysrgb&dpr=1&w=500","https://images.pexels.com/photos/298863/pexels-photo-298863.jpeg?auto=compress&cs=tinysrgb&dpr=1&w=500","https://images.pexels.com/photos/298863/pexels-photo-298863.jpeg?auto=compress&cs=tinysrgb&dpr=1&w=500","https://images.pexels.com/photos/298863/pexels-photo-298863.jpeg?auto=compress&cs=tinysrgb&dpr=1&w=500","https://images.pexels.com/photos/298863/pexels-photo-298863.jpeg?auto=compress&cs=tinysrgb&dpr=1&w=500","https://images.pexels.com/photos/298863/pexels-photo-298863.jpeg?auto=compress&cs=tinysrgb&dpr=1&w=500","https://images.pexels.com/photos/298863/pexels-photo-298863.jpeg?auto=compress&cs=tinysrgb&dpr=1&w=500"],
        "colors":["coral","brown","white","red"]
    },{
        "size":"4",
        "price":"$10",
        "style":"sneaker",
        "gender":"male",
        "black":"https://images.pexels.com/photos/4462782/pexels-photo-4462782.jpeg?auto=compress&cs=tinysrgb&dpr=1&w=500",
        "grey":"https://images.pexels.com/photos/1102776/pexels-photo-1102776.jpeg?auto=compress&cs=tinysrgb&dpr=1&w=500",
        "white":"https://images.pexels.com/photos/1464625/pexels-photo-1464625.jpeg?auto=compress&cs=tinysrgb&dpr=1&w=500",
        "images":["https://images.pexels.com/photos/298863/pexels-photo-298863.jpeg?auto=compress&cs=tinysrgb&dpr=1&w=500","https://images.pexels.com/photos/298863/pexels-photo-298863.jpeg?auto=compress&cs=tinysrgb&dpr=1&w=500","https://images.pexels.com/photos/298863/pexels-photo-298863.jpeg?auto=compress&cs=tinysrgb&dpr=1&w=500","https://images.pexels.com/photos/298863/pexels-photo-298863.jpeg?auto=compress&cs=tinysrgb&dpr=1&w=500","https://images.pexels.com/photos/298863/pexels-photo-298863.jpeg?auto=compress&cs=tinysrgb&dpr=1&w=500","https://images.pexels.com/photos/298863/pexels-photo-298863.jpeg?auto=compress&cs=tinysrgb&dpr=1&w=500","https://images.pexels.com/photos/298863/pexels-photo-298863.jpeg?auto=compress&cs=tinysrgb&dpr=1&w=500","https://images.pexels.com/photos/298863/pexels-photo-298863.jpeg?auto=compress&cs=tinysrgb&dpr=1&w=500","https://images.pexels.com/photos/298863/pexels-photo-298863.jpeg?auto=compress&cs=tinysrgb&dpr=1&w=500"],
        "colors":["black","grey","white"]
    },{
        "size":"4",
        "price":"$10",
        "style":"sneaker",
        "gender":"female",
        "black":"https://images.pexels.com/photos/4498548/pexels-photo-4498548.jpeg?auto=compress&cs=tinysrgb&dpr=1&w=500",
        "green":"https://images.pexels.com/photos/1280064/pexels-photo-1280064.jpeg?auto=compress&cs=tinysrgb&dpr=1&w=500",
        "white":"https://images.pexels.com/photos/2759783/pexels-photo-2759783.jpeg?auto=compress&cs=tinysrgb&dpr=1&w=500",
        "images":["https://images.pexels.com/photos/298863/pexels-photo-298863.jpeg?auto=compress&cs=tinysrgb&dpr=1&w=500","https://images.pexels.com/photos/298863/pexels-photo-298863.jpeg?auto=compress&cs=tinysrgb&dpr=1&w=500","https://images.pexels.com/photos/298863/pexels-photo-298863.jpeg?auto=compress&cs=tinysrgb&dpr=1&w=500","https://images.pexels.com/photos/298863/pexels-photo-298863.jpeg?auto=compress&cs=tinysrgb&dpr=1&w=500","https://images.pexels.com/photos/298863/pexels-photo-298863.jpeg?auto=compress&cs=tinysrgb&dpr=1&w=500","https://images.pexels.com/photos/298863/pexels-photo-298863.jpeg?auto=compress&cs=tinysrgb&dpr=1&w=500","https://images.pexels.com/photos/298863/pexels-photo-298863.jpeg?auto=compress&cs=tinysrgb&dpr=1&w=500","https://images.pexels.com/photos/298863/pexels-photo-298863.jpeg?auto=compress&cs=tinysrgb&dpr=1&w=500","https://images.pexels.com/photos/298863/pexels-photo-298863.jpeg?auto=compress&cs=tinysrgb&dpr=1&w=500"],
        "colors":["black","green","white"]
    },{
        "size":"4",
        "price":"$10",
        "style":"brogue",
        "gender":"male",
        "brown":"https://images.pexels.com/photos/6261862/pexels-photo-6261862.jpeg?auto=compress&cs=tinysrgb&dpr=1&w=500",
        "yellow":"https://images.pexels.com/photos/298863/pexels-photo-298863.jpeg?auto=compress&cs=tinysrgb&dpr=1&w=500",
        "darkbrown":"https://images.pexels.com/photos/7330204/pexels-photo-7330204.jpeg?auto=compress&cs=tinysrgb&dpr=1&w=500",
        "black":"https://www.thetrendspotter.net/wp-content/uploads/2016/12/Toronto-Cap-Toe-Leather-Oxford-Brogues-1-315x329.jpg",
        "white":"https://images.pexels.com/photos/1464625/pexels-photo-1464625.jpeg?auto=compress&cs=tinysrgb&dpr=1&w=500",
        "images":["https://images.pexels.com/photos/298863/pexels-photo-298863.jpeg?auto=compress&cs=tinysrgb&dpr=1&w=500","https://images.pexels.com/photos/298863/pexels-photo-298863.jpeg?auto=compress&cs=tinysrgb&dpr=1&w=500","https://images.pexels.com/photos/298863/pexels-photo-298863.jpeg?auto=compress&cs=tinysrgb&dpr=1&w=500","https://images.pexels.com/photos/298863/pexels-photo-298863.jpeg?auto=compress&cs=tinysrgb&dpr=1&w=500","https://images.pexels.com/photos/298863/pexels-photo-298863.jpeg?auto=compress&cs=tinysrgb&dpr=1&w=500","https://images.pexels.com/photos/298863/pexels-photo-298863.jpeg?auto=compress&cs=tinysrgb&dpr=1&w=500","https://images.pexels.com/photos/298863/pexels-photo-298863.jpeg?auto=compress&cs=tinysrgb&dpr=1&w=500","https://images.pexels.com/photos/298863/pexels-photo-298863.jpeg?auto=compress&cs=tinysrgb&dpr=1&w=500","https://images.pexels.com/photos/298863/pexels-photo-298863.jpeg?auto=compress&cs=tinysrgb&dpr=1&w=500"],
        "colors":["brown","yellow","darkbrown","black"]
    },{
        "size":"4",
        "price":"$10",
        "style":"suede chukka",
        "gender":"male",
        "yellow brow":"https://images.pexels.com/photos/8159427/pexels-photo-8159427.jpeg?auto=compress&cs=tinysrgb&dpr=1&w=500",
        "brown":"https://www.istockphoto.com/photo/male-footwear-concepts-closeup-of-pair-of-mens-brown-suede-chukka-boots-placed-one-gm1342301470-421777420?utm_campaign=srp_photos_limitedresults&utm_content=https%3A%2F%2Fwww.pexels.com%2Fsearch%2FSuede%2520Chukka%2F&utm_medium=affiliate&utm_source=pexels&utm_term=suede%20chukka",
        "darkred":"https://images.unsplash.com/photo-1466837703337-242d94d6b8c7?ixlib=rb-1.2.1&ixid=MnwxMjA3fDB8MHxzZWFyY2h8Mnx8bG9hZmVyJTIwc2hvZXN8ZW58MHx8MHx8&auto=format&fit=crop&w=500&q=60",
        "white":"https://images.pexels.com/photos/8970532/pexels-photo-8970532.jpeg?auto=compress&cs=tinysrgb&dpr=1&w=500",
        "images":["https://images.pexels.com/photos/298863/pexels-photo-298863.jpeg?auto=compress&cs=tinysrgb&dpr=1&w=500","https://images.pexels.com/photos/298863/pexels-photo-298863.jpeg?auto=compress&cs=tinysrgb&dpr=1&w=500","https://images.pexels.com/photos/298863/pexels-photo-298863.jpeg?auto=compress&cs=tinysrgb&dpr=1&w=500","https://images.pexels.com/photos/298863/pexels-photo-298863.jpeg?auto=compress&cs=tinysrgb&dpr=1&w=500","https://images.pexels.com/photos/298863/pexels-photo-298863.jpeg?auto=compress&cs=tinysrgb&dpr=1&w=500","https://images.pexels.com/photos/298863/pexels-photo-298863.jpeg?auto=compress&cs=tinysrgb&dpr=1&w=500","https://images.pexels.com/photos/298863/pexels-photo-298863.jpeg?auto=compress&cs=tinysrgb&dpr=1&w=500","https://images.pexels.com/photos/298863/pexels-photo-298863.jpeg?auto=compress&cs=tinysrgb&dpr=1&w=500","https://images.pexels.com/photos/298863/pexels-photo-298863.jpeg?auto=compress&cs=tinysrgb&dpr=1&w=500"],
        "colors":["brown","darkred","white"]
    },{
        "size":"4",
        "price":"$10",
        "style":"nike",
        "gender":"male",
        "brown":"https://images.pexels.com/photos/1476209/pexels-photo-1476209.jpeg?auto=compress&cs=tinysrgb&dpr=1&w=500",
        "red":"https://images.pexels.com/photos/1307128/pexels-photo-1307128.jpeg?auto=compress&cs=tinysrgb&dpr=1&w=500",
        "dark brown":"https://images.pexels.com/photos/4061395/pexels-photo-4061395.jpeg?auto=compress&cs=tinysrgb&dpr=1&w=500",
        "yellow":"https://images.pexels.com/photos/9546360/pexels-photo-9546360.jpeg?auto=compress&cs=tinysrgb&dpr=1&w=500",
        "white":"https://images.pexels.com/photos/4277507/pexels-photo-4277507.jpeg?auto=compress&cs=tinysrgb&dpr=1&w=500",
        "black":"https://images.pexels.com/photos/1464624/pexels-photo-1464624.jpeg?auto=compress&cs=tinysrgb&dpr=1&w=500",
        "images":["https://images.pexels.com/photos/298863/pexels-photo-298863.jpeg?auto=compress&cs=tinysrgb&dpr=1&w=500","https://images.pexels.com/photos/298863/pexels-photo-298863.jpeg?auto=compress&cs=tinysrgb&dpr=1&w=500","https://images.pexels.com/photos/298863/pexels-photo-298863.jpeg?auto=compress&cs=tinysrgb&dpr=1&w=500","https://images.pexels.com/photos/298863/pexels-photo-298863.jpeg?auto=compress&cs=tinysrgb&dpr=1&w=500","https://images.pexels.com/photos/298863/pexels-photo-298863.jpeg?auto=compress&cs=tinysrgb&dpr=1&w=500","https://images.pexels.com/photos/298863/pexels-photo-298863.jpeg?auto=compress&cs=tinysrgb&dpr=1&w=500","https://images.pexels.com/photos/298863/pexels-photo-298863.jpeg?auto=compress&cs=tinysrgb&dpr=1&w=500","https://images.pexels.com/photos/298863/pexels-photo-298863.jpeg?auto=compress&cs=tinysrgb&dpr=1&w=500","https://images.pexels.com/photos/298863/pexels-photo-298863.jpeg?auto=compress&cs=tinysrgb&dpr=1&w=500"],
        "colors":["brown","red","darkbrown","yellow"]
    },{
        "size":"4",
        "price":"$10",
        "style":"loafer",
        "gender":"female",
        "brown":"https://media.istockphoto.com/photos/shoes-picture-id184358724?b=1&k=20&m=184358724&s=170667a&w=0&h=mS6lmArTpS6F6HQunTaYMwqzHCtUOYlPXcsn1csurIc=",
        "blue":"https://media.istockphoto.com/photos/blue-leather-moccasins-photo-on-the-street-on-the-brick-stairs-trendy-picture-id1296035609?b=1&k=20&m=1296035609&s=170667a&w=0&h=ze3IDQqOt7DYguOpPDW5OG6Xwa78NfqspPMS35UkPeY=",
        "black":"https://media.istockphoto.com/photos/legs-of-an-unrecognizable-woman-in-jeans-walking-with-shopping-bags-picture-id1219772214?b=1&k=20&m=1219772214&s=170667a&w=0&h=rbKfcbJkEw5hG0VDTy78Y3ID0EehjowTrgKSRuSy_p4=",
        "images":["https://images.pexels.com/photos/298863/pexels-photo-298863.jpeg?auto=compress&cs=tinysrgb&dpr=1&w=500","https://images.pexels.com/photos/298863/pexels-photo-298863.jpeg?auto=compress&cs=tinysrgb&dpr=1&w=500","https://images.pexels.com/photos/298863/pexels-photo-298863.jpeg?auto=compress&cs=tinysrgb&dpr=1&w=500","https://images.pexels.com/photos/298863/pexels-photo-298863.jpeg?auto=compress&cs=tinysrgb&dpr=1&w=500","https://images.pexels.com/photos/298863/pexels-photo-298863.jpeg?auto=compress&cs=tinysrgb&dpr=1&w=500","https://images.pexels.com/photos/298863/pexels-photo-298863.jpeg?auto=compress&cs=tinysrgb&dpr=1&w=500","https://images.pexels.com/photos/298863/pexels-photo-298863.jpeg?auto=compress&cs=tinysrgb&dpr=1&w=500","https://images.pexels.com/photos/298863/pexels-photo-298863.jpeg?auto=compress&cs=tinysrgb&dpr=1&w=500","https://images.pexels.com/photos/298863/pexels-photo-298863.jpeg?auto=compress&cs=tinysrgb&dpr=1&w=500"],
        "colors":["brown","blue","black"]

    },{
        "size":"4",
        "price":"$10",
        "style":"loafer",
        "gender":"male",
        "dark brown":"https://media.istockphoto.com/photos/portrait-of-legs-with-modern-fashionable-mens-shoes-with-shoelaces-picture-id926718208?b=1&k=20&m=926718208&s=170667a&w=0&h=rQefsWJiGwAzhWN5MofdEzIvqfXU7-5_iazhWEjaYw4=",
        "dark green":"https://media.istockphoto.com/photos/highquality-suede-mocassins-picture-id1054603160?b=1&k=20&m=1054603160&s=170667a&w=0&h=T_bUYHyeHan0i4zbBIhXeocdA7KJ1iZqb8eFH86KcuQ=",
        "dark red":"https://images.unsplash.com/photo-1466837703337-242d94d6b8c7?ixlib=rb-1.2.1&ixid=MnwxMjA3fDB8MHxzZWFyY2h8Mnx8bG9hZmVyJTIwc2hvZXN8ZW58MHx8MHx8&auto=format&fit=crop&w=500&q=60",
        "brown":"https://www.thetrendspotter.net/wp-content/uploads/2016/12/Ivy-Polished-Leather-Penny-Loafers-315x329.jpg",
        "white":"https://images.pexels.com/photos/7413278/pexels-photo-7413278.jpeg?auto=compress&cs=tinysrgb&dpr=1&w=500",
        "images":["https://images.pexels.com/photos/298863/pexels-photo-298863.jpeg?auto=compress&cs=tinysrgb&dpr=1&w=500","https://images.pexels.com/photos/298863/pexels-photo-298863.jpeg?auto=compress&cs=tinysrgb&dpr=1&w=500","https://images.pexels.com/photos/298863/pexels-photo-298863.jpeg?auto=compress&cs=tinysrgb&dpr=1&w=500","https://images.pexels.com/photos/298863/pexels-photo-298863.jpeg?auto=compress&cs=tinysrgb&dpr=1&w=500","https://images.pexels.com/photos/298863/pexels-photo-298863.jpeg?auto=compress&cs=tinysrgb&dpr=1&w=500","https://images.pexels.com/photos/298863/pexels-photo-298863.jpeg?auto=compress&cs=tinysrgb&dpr=1&w=500","https://images.pexels.com/photos/298863/pexels-photo-298863.jpeg?auto=compress&cs=tinysrgb&dpr=1&w=500","https://images.pexels.com/photos/298863/pexels-photo-298863.jpeg?auto=compress&cs=tinysrgb&dpr=1&w=500","https://images.pexels.com/photos/298863/pexels-photo-298863.jpeg?auto=compress&cs=tinysrgb&dpr=1&w=500"],
        "colors":["dark brown","dark green","dark red","brown","white"]
    },{
        "size":"4",
        "price":"$10",
        "style":"oxford",
        "gender":"male",
        "brown":"https://images.pexels.com/photos/186037/pexels-photo-186037.jpeg?auto=compress&cs=tinysrgb&dpr=1&w=500",
        "dark red":"https://www.thetrendspotter.net/wp-content/uploads/2016/12/Alessandro-Capri-Polished-Leather-Whole-Cut-Oxford-Shoes-315x329.jpg",
        "gold":"https://www.thetrendspotter.net/wp-content/uploads/2016/12/300-Suede-Oxford-Shoes-315x329.jpg",
        "black":"https://images.pexels.com/photos/999455/pexels-photo-999455.jpeg?auto=compress&cs=tinysrgb&dpr=1&w=500",
        "white":"https://images.pexels.com/photos/2529148/pexels-photo-2529148.jpeg?auto=compress&cs=tinysrgb&dpr=1&w=500",
        "images":["https://images.pexels.com/photos/298863/pexels-photo-298863.jpeg?auto=compress&cs=tinysrgb&dpr=1&w=500","https://images.pexels.com/photos/298863/pexels-photo-298863.jpeg?auto=compress&cs=tinysrgb&dpr=1&w=500","https://images.pexels.com/photos/298863/pexels-photo-298863.jpeg?auto=compress&cs=tinysrgb&dpr=1&w=500","https://images.pexels.com/photos/298863/pexels-photo-298863.jpeg?auto=compress&cs=tinysrgb&dpr=1&w=500","https://images.pexels.com/photos/298863/pexels-photo-298863.jpeg?auto=compress&cs=tinysrgb&dpr=1&w=500","https://images.pexels.com/photos/298863/pexels-photo-298863.jpeg?auto=compress&cs=tinysrgb&dpr=1&w=500","https://images.pexels.com/photos/298863/pexels-photo-298863.jpeg?auto=compress&cs=tinysrgb&dpr=1&w=500","https://images.pexels.com/photos/298863/pexels-photo-298863.jpeg?auto=compress&cs=tinysrgb&dpr=1&w=500","https://images.pexels.com/photos/298863/pexels-photo-298863.jpeg?auto=compress&cs=tinysrgb&dpr=1&w=500"],
        "colors":["brown","dark red","gold","black","white"]
    },
      {
        "size":"4",
        "price":"$10",
        "style":"oxford",
        "gender":"male",
        "silver":"https://images.pexels.com/photos/273930/pexels-photo-273930.jpeg?auto=compress&cs=tinysrgb&dpr=1&w=500",
        "skin":"https://images.pexels.com/photos/9931822/pexels-photo-9931822.jpeg?auto=compress&cs=tinysrgb&dpr=1&w=500",
        "black":"https://images.pexels.com/photos/4788205/pexels-photo-4788205.jpeg?auto=compress&cs=tinysrgb&dpr=1&w=500",
        "white":"https://images.pexels.com/photos/313707/pexels-photo-313707.jpeg?auto=compress&cs=tinysrgb&dpr=1&w=500",
        "images":["https://images.pexels.com/photos/298863/pexels-photo-298863.jpeg?auto=compress&cs=tinysrgb&dpr=1&w=500","https://images.pexels.com/photos/298863/pexels-photo-298863.jpeg?auto=compress&cs=tinysrgb&dpr=1&w=500","https://images.pexels.com/photos/298863/pexels-photo-298863.jpeg?auto=compress&cs=tinysrgb&dpr=1&w=500","https://images.pexels.com/photos/298863/pexels-photo-298863.jpeg?auto=compress&cs=tinysrgb&dpr=1&w=500","https://images.pexels.com/photos/298863/pexels-photo-298863.jpeg?auto=compress&cs=tinysrgb&dpr=1&w=500","https://images.pexels.com/photos/298863/pexels-photo-298863.jpeg?auto=compress&cs=tinysrgb&dpr=1&w=500","https://images.pexels.com/photos/298863/pexels-photo-298863.jpeg?auto=compress&cs=tinysrgb&dpr=1&w=500","https://images.pexels.com/photos/298863/pexels-photo-298863.jpeg?auto=compress&cs=tinysrgb&dpr=1&w=500","https://images.pexels.com/photos/298863/pexels-photo-298863.jpeg?auto=compress&cs=tinysrgb&dpr=1&w=500"],
        "colors":["brown","darkred","gold","black","white"]
    },
     {
        "size":"4",
        "price":"$10",
        "style":"suede chukka",
        "gender":"female",
        "brown":"https://media.istockphoto.com/photos/male-footwear-conceptscloseup-of-pair-of-mens-brown-suede-chukka-picture-id1342301470?b=1&k=20&m=1342301470&s=170667a&w=0&h=1A6d3WrpuU-URbeAjcWk-KIkyVnmaaB01Tqq7eWFFI4=",
        "blue":"https://media.istockphoto.com/photos/stylish-blue-suede-mens-chukka-boots-on-the-old-wood-gray-old-stone-picture-id803091512?b=1&k=20&m=803091512&s=170667a&w=0&h=EwOoDI__pf1YqSAh_D-uPVGwwLkYJwVe5Qw9F_nj_ms=",
        "purple":"https://images.pexels.com/photos/1424537/pexels-photo-1424537.jpeg?auto=compress&cs=tinysrgb&dpr=1&w=500",
        "black":"https://images.pexels.com/photos/6046183/pexels-photo-6046183.jpeg?auto=compress&cs=tinysrgb&dpr=1&w=500",
        "white":"https://images.pexels.com/photos/3769858/pexels-photo-3769858.jpeg?auto=compress&cs=tinysrgb&dpr=1&w=500",
        "green":"https://images.unsplash.com/photo-1560343090-f0409e92791a?ixlib=rb-1.2.1&ixid=MnwxMjA3fDB8MHxzZWFyY2h8MXx8c3VlZGUlMjBjaHVra2F8ZW58MHx8MHx8&auto=format&fit=crop&w=500&q=60",
        "images":["https://images.pexels.com/photos/298863/pexels-photo-298863.jpeg?auto=compress&cs=tinysrgb&dpr=1&w=500","https://images.pexels.com/photos/298863/pexels-photo-298863.jpeg?auto=compress&cs=tinysrgb&dpr=1&w=500","https://images.pexels.com/photos/298863/pexels-photo-298863.jpeg?auto=compress&cs=tinysrgb&dpr=1&w=500","https://images.pexels.com/photos/298863/pexels-photo-298863.jpeg?auto=compress&cs=tinysrgb&dpr=1&w=500","https://images.pexels.com/photos/298863/pexels-photo-298863.jpeg?auto=compress&cs=tinysrgb&dpr=1&w=500","https://images.pexels.com/photos/298863/pexels-photo-298863.jpeg?auto=compress&cs=tinysrgb&dpr=1&w=500","https://images.pexels.com/photos/298863/pexels-photo-298863.jpeg?auto=compress&cs=tinysrgb&dpr=1&w=500","https://images.pexels.com/photos/298863/pexels-photo-298863.jpeg?auto=compress&cs=tinysrgb&dpr=1&w=500","https://images.pexels.com/photos/298863/pexels-photo-298863.jpeg?auto=compress&cs=tinysrgb&dpr=1&w=500"],
        "colors":["brown","black","white","green","purple","blue"]
    }
    
]